<?xml version="1.0" encoding="utf-8"?>
<camera type="perspective">
	<eye value=" 0.0, 2.0, 15.0"/> 
	<lookat value="0.0, 1.69521, 14.0476"/> 
	<up value="0.0,0.952421,-0.304787"/>
	<fovy value="27.3909"/>
	<width value="1200"/>
	<height value="900"/>
</camera>
<light mtlname="Light1" radiance="901.803, 901.803, 901.803"/>
<light mtlname="Light2" radiance="100.0, 100.0, 100.0"/>
<light mtlname="Light3" radiance="11.1111, 11.1111, 11.1111 "/>
<light mtlname="Light4" radiance="1.23457, 1.23457, 1.23457"/>
<light mtlname="Light5" radiance="800.0, 800.0, 800.0"/>